<?xml version="1.0" encoding="UTF-8"?>
<quiz xmlns="http://www.cs.manchester.ac.uk/pgt/COMP60411/examples/quiz"
    xmlns:xsi="http://www.w3.org/2001/XMLSchema-instance"
    xsi:schemaLocation="http://www.cs.manchester.ac.uk/pgt/COMP60411/examples/quiz quiz.xsd">
    <title>Foo</title>
    <expr>
        <plus>
            <number>5</number>
            <number>5</number>
        </plus>
    </expr>
    <expr>
        <dividedBy>
            <number>7</number>
            <times>
                <number>1</number>
                <number>7</number>
            </times>
        </dividedBy>
    </expr>
</quiz>
